{"cameraMode":{"drawMode":0,"name":"Shaded","section":"Shading Mode"},"sceneLighting":true,"audioPlay":false,"sceneViewState":{"showFog":true,"showMaterialUpdate":false,"showSkybox":true,"showFlares":true,"showImageEffects":true,"showParticleSystems":true},"in2DMode":false,"pivot":{"x":-23.971044540405275,"y":-3.4422357082366945,"z":-8.79806137084961},"rotation":{"x":-0.07315629720687866,"y":0.9126156568527222,"z":-0.18766754865646363,"w":-0.35575515031814577},"size":8.121143341064454,"orthographic":false}